model,variant,step,actor,action,compromised,accepted,cause,balance_after,damage_after
A,main,0,agent,execute,false,true,accepted_legitimate,90,0
A,main,1,agent,execute,false,true,accepted_legitimate,80,0
A,main,2,agent,execute,false,true,accepted_legitimate,70,0
A,main,3,agent,execute,true,true,accepted_in_scope,60,10
A,main,4,agent,execute,true,true,accepted_in_scope,50,20
A,main,5,agent,execute,true,true,accepted_in_scope,40,30
A,main,6,agent,execute,true,true,accepted_in_scope,30,40
A,main,7,agent,execute,true,true,accepted_in_scope,20,50
A,main,8,agent,execute,true,true,accepted_in_scope,10,60
A,main,9,agent,execute,true,true,accepted_in_scope,0,70
B,main,0,agent,execute,false,true,accepted_legitimate,90,0
B,main,1,agent,execute,false,true,accepted_legitimate,80,0
B,main,2,agent,execute,false,true,accepted_legitimate,70,0
B,main,3,agent,execute,true,true,accepted_in_scope,60,10
B,main,4,agent,execute,true,true,accepted_in_scope,50,20
B,main,5,agent,execute,true,true,accepted_in_scope,40,30
B,main,6,agent,execute,true,false,rejected_expired,40,30
B,main,7,agent,execute,true,false,rejected_expired,40,30
B,main,8,agent,execute,true,false,rejected_expired,40,30
B,main,9,agent,execute,true,false,rejected_expired,40,30
C,main,0,agent,execute,false,true,accepted_legitimate,90,0
C,main,1,agent,execute,false,true,accepted_legitimate,80,0
C,main,2,agent,execute,false,true,accepted_legitimate,70,0
C,main,3,agent,execute,true,true,accepted_in_scope,60,10
C,main,4,agent,execute,true,false,rejected_revoked,60,10
C,main,5,agent,execute,true,false,rejected_revoked,60,10
C,main,6,agent,execute,true,false,rejected_revoked,60,10
C,main,7,agent,execute,true,false,rejected_revoked,60,10
C,main,8,agent,execute,true,false,rejected_revoked,60,10
C,main,9,agent,execute,true,false,rejected_revoked,60,10
C,late6,0,agent,execute,false,true,accepted_legitimate,90,0
C,late6,1,agent,execute,false,true,accepted_legitimate,80,0
C,late6,2,agent,execute,false,true,accepted_legitimate,70,0
C,late6,3,agent,execute,true,true,accepted_in_scope,60,10
C,late6,4,agent,execute,true,true,accepted_in_scope,50,20
C,late6,5,agent,execute,true,true,accepted_in_scope,40,30
C,late6,6,agent,execute,true,false,rejected_revoked,40,30
C,late6,7,agent,execute,true,false,rejected_revoked,40,30
C,late6,8,agent,execute,true,false,rejected_revoked,40,30
C,late6,9,agent,execute,true,false,rejected_revoked,40,30
C,late8,0,agent,execute,false,true,accepted_legitimate,90,0
C,late8,1,agent,execute,false,true,accepted_legitimate,80,0
C,late8,2,agent,execute,false,true,accepted_legitimate,70,0
C,late8,3,agent,execute,true,true,accepted_in_scope,60,10
C,late8,4,agent,execute,true,true,accepted_in_scope,50,20
C,late8,5,agent,execute,true,true,accepted_in_scope,40,30
C,late8,6,agent,execute,true,true,accepted_in_scope,30,40
C,late8,7,agent,execute,true,true,accepted_in_scope,20,50
C,late8,8,agent,execute,true,false,rejected_revoked,20,50
C,late8,9,agent,execute,true,false,rejected_revoked,20,50
D,main,0,agent,execute,false,true,accepted_legitimate,90,0
D,main,1,agent,execute,false,true,accepted_legitimate,80,0
D,main,2,agent,execute,false,true,accepted_legitimate,70,0
D,main,3,agent,execute,true,true,accepted_in_scope,60,10
D,main,4,agent,execute,true,false,rejected_revoked,60,10
D,main,5,agent,execute,true,false,rejected_revoked,60,10
D,main,6,agent,execute,true,false,rejected_revoked,60,10
D,main,7,agent,execute,true,false,rejected_revoked,60,10
D,main,8,agent,execute,true,false,rejected_revoked,60,10
D,main,9,agent,execute,true,false,rejected_revoked,60,10
D,late6,0,agent,execute,false,true,accepted_legitimate,90,0
D,late6,1,agent,execute,false,true,accepted_legitimate,80,0
D,late6,2,agent,execute,false,true,accepted_legitimate,70,0
D,late6,3,agent,execute,true,true,accepted_in_scope,60,10
D,late6,4,agent,execute,true,true,accepted_in_scope,50,20
D,late6,5,agent,execute,true,true,accepted_in_scope,40,30
D,late6,6,agent,execute,true,false,rejected_revoked,40,30
D,late6,7,agent,execute,true,false,rejected_revoked,40,30
D,late6,8,agent,execute,true,false,rejected_revoked,40,30
D,late6,9,agent,execute,true,false,rejected_revoked,40,30
D,late8,0,agent,execute,false,true,accepted_legitimate,90,0
D,late8,1,agent,execute,false,true,accepted_legitimate,80,0
D,late8,2,agent,execute,false,true,accepted_legitimate,70,0
D,late8,3,agent,execute,true,true,accepted_in_scope,60,10
D,late8,4,agent,execute,true,true,accepted_in_scope,50,20
D,late8,5,agent,execute,true,true,accepted_in_scope,40,30
D,late8,6,agent,execute,true,true,accepted_in_scope,30,40
D,late8,7,agent,execute,true,true,accepted_in_scope,20,50
D,late8,8,agent,execute,true,false,rejected_revoked,20,50
D,late8,9,agent,execute,true,false,rejected_revoked,20,50
