step,variant,python_accepted,python_cause,foundry_test,foundry_status
0,main,true,accepted_legitimate,test_T02_ValidActionReducesBalanceAndEmits,PASS
1,main,true,accepted_legitimate,test_T19_RepeatedValidExecutesSucceedWhileBalanceLasts,PASS
2,main,true,accepted_legitimate,test_T19_RepeatedValidExecutesSucceedWhileBalanceLasts,PASS
3,main,true,accepted_in_scope,test_T11_UserUnavailable_GuardianRevokes_AgentBlocked,PASS
4,main,false,rejected_revoked,test_T11_UserUnavailable_GuardianRevokes_AgentBlocked,PASS
4,main,false,rejected_revoked,test_T07_AgentExecuteAfterRevokeFailsInWindow,PASS
5,main,false,rejected_revoked,test_T07_RevokedStaysRevokedAcrossTimeWarps,PASS
6,main,false,rejected_revoked,test_T07_RevokedStaysRevokedAcrossTimeWarps,PASS
7,main,false,rejected_revoked,test_T07_RevokedStaysRevokedAcrossTimeWarps,PASS
8,main,false,rejected_revoked,test_T07_RevokedStaysRevokedAcrossTimeWarps,PASS
9,main,false,rejected_revoked,test_T07_RevokedStaysRevokedAcrossTimeWarps,PASS
power_surface:agent:revoke,main,false,rejected_not_authorized,test_T13_AgentCannotRevoke,PASS
power_surface:guardian:grant,main,false,rejected_not_user,test_T08_GuardianCannotGrant,PASS
power_surface:guardian:grant,main,false,rejected_not_user,test_T10_GuardianSameCalldataAsUserIsRejected,PASS
power_surface:guardian:revoke,main,true,accepted,test_T06_GuardianRevokesActiveDelegation,PASS
power_surface:guardian:execute,main,false,rejected_not_agent,test_T09_GuardianCannotExecute,PASS
power_surface:outsider:revoke,main,false,rejected_not_authorized,test_T13_OutsiderCannotRevoke,PASS
property:no_reactivation,main,n/a,no restore operation exists in the engine,test_T12_NewGrantWithIdenticalTermsDoesNotReviveRevokedId,PASS
