model,model_label,actor,operation,observed,cause
A,user-only revocation,user,grant,success,
A,user-only revocation,user,revoke,success,
A,user-only revocation,user,execute,failure,rejected_not_agent
A,user-only revocation,agent,grant,failure,rejected_not_user
A,user-only revocation,agent,revoke,failure,rejected_not_authorized
A,user-only revocation,agent,execute,success,
A,user-only revocation,outsider,grant,failure,rejected_not_user
A,user-only revocation,outsider,revoke,failure,rejected_not_authorized
A,user-only revocation,outsider,execute,failure,rejected_not_agent
B,short-lived credential,user,grant,success,
B,short-lived credential,user,revoke,success,
B,short-lived credential,user,execute,failure,rejected_not_agent
B,short-lived credential,agent,grant,failure,rejected_not_user
B,short-lived credential,agent,revoke,failure,rejected_not_authorized
B,short-lived credential,agent,execute,success,
B,short-lived credential,outsider,grant,failure,rejected_not_user
B,short-lived credential,outsider,revoke,failure,rejected_not_authorized
B,short-lived credential,outsider,execute,failure,rejected_not_agent
C,central administrator,user,grant,success,
C,central administrator,user,revoke,success,
C,central administrator,user,execute,failure,rejected_not_agent
C,central administrator,agent,grant,failure,rejected_not_user
C,central administrator,agent,revoke,failure,rejected_not_authorized
C,central administrator,agent,execute,success,
C,central administrator,admin,grant,success,
C,central administrator,admin,revoke,success,
C,central administrator,admin,execute,success,
C,central administrator,outsider,grant,failure,rejected_not_user
C,central administrator,outsider,revoke,failure,rejected_not_authorized
C,central administrator,outsider,execute,failure,rejected_not_agent
D,DART guardian,user,grant,success,
D,DART guardian,user,revoke,success,
D,DART guardian,user,execute,failure,rejected_not_agent
D,DART guardian,agent,grant,failure,rejected_not_user
D,DART guardian,agent,revoke,failure,rejected_not_authorized
D,DART guardian,agent,execute,success,
D,DART guardian,guardian,grant,failure,rejected_not_user
D,DART guardian,guardian,revoke,success,
D,DART guardian,guardian,execute,failure,rejected_not_agent
D,DART guardian,outsider,grant,failure,rejected_not_user
D,DART guardian,outsider,revoke,failure,rejected_not_authorized
D,DART guardian,outsider,execute,failure,rejected_not_agent
